지명_1번,지명_2번,지명_3번,지명_4번,지명_5번,지명_6번,지명_7번,지명_8번,지명_9번,지명_10번,지명_11번,지명_12번,지명_13번,지명_14번,지명_15번,지명_16번,지명_17번,지명_18번,지명_19번
정하늘,,백승우,조하린,"조하린, 노지민",조하린,,배수아,"임유나, 신아린","조하린, 강예준, 노지민",조하린,"이서준, 배수아","이서준, 한지아, 노지민",박시우,"백승우, 박시우","박시우, 백승우, 윤지후","배수아, 신아린, 박시우","박시우, 최다인",
"김하윤, 김소율, 정하늘",백승우,"백승우, 배수아","조하린, 강예준, 노지민","조하린, 노지민",,조하린,"박시우, 신아린","배수아, 임유나, 박시우",조하린,"조하린, 노지민","한지아, 배수아","한지아, 강예준","김하윤, 배수아, 김소율","박시우, 윤지후, 백승우","윤지후, 홍지호","김하윤, 신아린",박시우,강예준
,"박시우, 오태양","백승우, 김하윤, 박시우","노지민, 강예준",,"강예준, 노지민, 류도현","강예준, 노지민",백승우,백승우,"노지민, 강예준",노지민,이서준,"이서준, 한지아",,"홍지호, 박시우, 백승우",,"신아린, 김하윤, 배수아",최다인,강예준
"김하윤, 김소율",김소율,,"조하린, 노지민, 강예준","조하린, 노지민, 강예준",조하린,,"임유나, 배수아","신아린, 오태양, 백승우","조하린, 노지민",조하린,"이서준, 노지민, 최다인","이서준, 한지아, 서준호","김하윤, 오태양",백승우,"윤지후, 백승우, 신아린",,최다인,"강예준, 조하린, 노지민"
,,김하윤,"조하린, 강예준, 노지민",,"조하린, 강예준, 노지민","조하린, 강예준, 노지민",,,조하린,"조하린, 강예준, 노지민",이서준,이서준,김하윤,박시우,백승우,"김하윤, 백승우, 신아린","최다인, 류도현","강예준, 조하린, 노지민"
김하윤,김하윤,"신아린, 박시우",조하린,"조하린, 노지민, 강예준",,조하린,"신아린, 백승우, 배수아",,"조하린, 강예준, 노지민",조하린,"이서준, 장예림","이서준, 배수아, 서준호",,"박시우, 백승우, 홍지호","백승우, 배수아, 홍지호","김하윤, 박시우, 김소율","최다인, 윤지후, 백승우","강예준, 조하린, 김소율"
김하윤,"김하윤, 오태양","김하윤, 박시우",,"조하린, 노지민, 강예준","조하린, 강예준, 노지민","조하린, 강예준, 노지민","박시우, 신아린","박시우, 오태양, 신아린","조하린, 강예준","조하린, 노지민, 강예준","이서준, 한지아",이서준,,"백승우, 박시우, 홍지호","백승우, 홍지호","김하윤, 백승우",,
,"김하윤, 백승우, 오태양","정하늘, 박시우",조하린,"조하린, 노지민","조하린, 강예준, 노지민","조하린, 강예준",,,,"조하린, 강예준",이서준,"이서준, 장예림","김하윤, 배수아",백승우,,"박시우, 오태양",류도현,
"김하윤, 정하늘","김하윤, 백승우",박시우,조하린,조하린,"조하린, 노지민, 정하늘",조하린,"오태양, 임유나",임유나,조하린,조하린,이서준,,"김하윤, 박시우, 백승우",,,,"윤지후, 최다인",
김하윤,,,"조하린, 노지민",,"조하린, 강예준, 노지민",강예준,,,"조하린, 노지민","조하린, 강예준",,,,"백승우, 박시우","윤지후, 박시우, 백승우","김하윤, 김소율",윤지후,"강예준, 조하린, 노지민"
"김하윤, 정하늘, 백승우","백승우, 김하윤, 김소율",김소율,,"조하린, 강예준",조하린,"조하린, 강예준","박시우, 신아린","박시우, 신아린",조하린,조하린,"이서준, 한지아","이서준, 장예림, 한지아",배수아,,"윤지후, 박시우, 백승우","김하윤, 배수아, 김소율","최다인, 백승우",
김하윤,,박시우,조하린,"조하린, 강예준, 김소율","조하린, 강예준",,"오태양, 임유나","배수아, 박시우","조하린, 강예준","조하린, 강예준, 김하윤","이서준, 한지아",,"오태양, 김소율","홍지호, 윤지후, 박시우","박시우, 홍지호, 백승우","김하윤, 신아린",최다인,"강예준, 조하린, 김소율"
김하윤,"배수아, 정하늘, 김소율","김하윤, 정하늘, 백승우","조하린, 노지민","조하린, 노지민",조하린,,"신아린, 오태양",,"조하린, 노지민",,,,"김하윤, 박시우, 김소율","박시우, 백승우, 윤지후","백승우, 윤지후","김하윤, 배수아, 박시우","류도현, 최다인",
,"김소율, 김하윤",김소율,,조하린,,,"신아린, 임유나, 박시우",임유나,,"조하린, 노지민, 강예준",,"이서준, 한지아, 장예림","김하윤, 박시우, 김소율",윤지후,"백승우, 윤지후",,,강예준
"김하윤, 정하늘, 박시우","정하늘, 오태양, 백승우",김하윤,조하린,조하린,조하린,조하린,"배수아, 박시우","배수아, 임유나, 신아린",조하린,,이서준,이서준,"오태양, 박시우",윤지후,,"배수아, 김하윤, 신아린","최다인, 윤지후, 류도현","강예준, 조하린, 노지민"
김하윤,,"김소율, 김하윤",조하린,"노지민, 조하린",,"조하린, 강예준",배수아,,조하린,,"이서준, 노지민, 한지아",,김하윤,"윤지후, 백승우",,"김하윤, 신아린",,강예준
김하윤,"김소율, 김하윤, 박시우",,조하린,,"조하린, 강예준, 노지민","조하린, 강예준, 노지민","신아린, 임유나",,조하린,,이서준,"이서준, 한지아, 서준호",,"박시우, 윤지후","윤지후, 백승우, 박시우",,윤지후,
김하윤,"정하늘, 백승우","김하윤, 정하늘, 김소율",조하린,조하린,"조하린, 강예준, 노지민","조하린, 강예준, 노지민",백승우,"오태양, 백승우, 박시우",,"조하린, 노지민","이서준, 한지아, 강예준",,"김하윤, 김소율, 배수아",박시우,"윤지후, 백승우","임유나, 김하윤, 배수아",최다인,강예준
"정하늘, 김하윤",백승우,"정하늘, 김소율, 백승우",조하린,,조하린,,"배수아, 백승우, 박시우","오태양, 임유나, 박시우","조하린, 노지민, 강예준","조하린, 강예준, 노지민",,"이서준, 강예준, 백승우","김하윤, 박시우","윤지후, 정하늘",,,,강예준
김하윤,,김소율,조하린,조하린,"조하린, 강예준, 노지민",,박시우,"임유나, 오태양",,,이서준,"이서준, 한지아","김하윤, 박시우","정하늘, 박시우",,,"최다인, 홍지호","강예준, 조하린"
